Car_Name,Company,Year,Selling_Price,Fuel_Type,Seller_Type,Transmission,Owner,Kms_Driven
Mahindra Thar,Mahindra,2017,2.46,Diesel,Dealer,Manual,0,173266
Tata Tigor,Tata,2010,0.83,Diesel,Dealer,Automatic,2,10311
Maruti Celerio,Maruti,2014,0.99,Petrol,Dealer,Manual,0,7747
Ford Endeavour,Ford,2014,1.54,Diesel,Dealer,Manual,1,92313
Toyota Fortuner,Toyota,2011,0.94,Petrol,Dealer,Manual,1,53555
Mahindra Bolero,Mahindra,2016,3.04,Petrol,Dealer,Automatic,0,83953
Tata Harrier,Tata,2014,0.78,LPG,Individual,Manual,2,45397
Maruti Ertiga,Maruti,2023,2.68,Petrol,Dealer,Automatic,0,175171
Maruti 800,Maruti,2009,0.51,Petrol,Dealer,Manual,0,44504
Honda City,Honda,2007,0.53,LPG,Individual,Automatic,2,118569
Mahindra KUV100,Mahindra,2007,0.99,Diesel,Individual,Automatic,1,118252
Honda City,Honda,2007,0.61,Diesel,Individual,Manual,1,127409
Honda Brio,Honda,2019,3.04,Petrol,Dealer,Automatic,0,192116
Tata Tigor,Tata,2015,1.02,Petrol,Dealer,Manual,2,69044
Tata Hexa,Tata,2014,0.63,Petrol,Individual,Manual,2,151779
Ford EcoSport,Ford,2003,0.48,Petrol,Dealer,Automatic,2,194125
Maruti Ciaz,Maruti,2003,0.54,Petrol,Dealer,Automatic,0,73840
Ford EcoSport,Ford,2022,4.06,Petrol,Individual,Automatic,0,98264
Hyundai i20,Hyundai,2007,0.51,Petrol,Individual,Manual,1,130657
Volkswagen T-Roc,Volkswagen,2006,0.64,Petrol,Dealer,Manual,2,111308
Ford Mustang,Ford,2013,0.7,CNG,Individual,Manual,1,56663
Toyota Etios,Toyota,2021,5.02,Diesel,Individual,Manual,0,144752
Volkswagen T-Roc,Volkswagen,2020,5.49,CNG,Individual,Automatic,0,26918
Honda Brio,Honda,2018,2.79,CNG,Dealer,Manual,0,108727
Tata Safari,Tata,2011,0.48,Petrol,Individual,Automatic,2,125885
Volkswagen Tiguan,Volkswagen,2013,0.85,LPG,Individual,Manual,1,131063
Honda BR-V,Honda,2020,2.63,Petrol,Dealer,Manual,1,117296
Toyota Innova,Toyota,2016,1.9,Petrol,Individual,Manual,2,91416
Volkswagen Ameo,Volkswagen,2016,2.5,Diesel,Individual,Manual,2,35746
Ford EcoSport,Ford,2017,3.42,Diesel,Dealer,Automatic,0,107946
Volkswagen Polo,Volkswagen,2014,2.37,LPG,Individual,Automatic,0,68208
Tata Nexon,Tata,2016,2.19,Electric,Individual,Automatic,0,120668
Maruti Swift,Maruti,2020,1.96,Diesel,Individual,Manual,1,41631
Mahindra Marazzo,Mahindra,2004,0.61,Petrol,Dealer,Manual,2,110864
Volkswagen T-Roc,Volkswagen,2012,0.74,CNG,Individual,Automatic,2,115627
Maruti Ertiga,Maruti,2016,1.21,Diesel,Individual,Manual,0,147038
Honda BR-V,Honda,2019,3.01,Petrol,Individual,Manual,0,118632
Toyota Camry,Toyota,2009,0.61,Petrol,Dealer,Manual,1,175806
Volkswagen Vento,Volkswagen,2012,0.73,Petrol,Individual,Manual,0,117566
Hyundai Venue,Hyundai,2011,0.7,Diesel,Dealer,Automatic,0,182247
Volkswagen CrossPolo,Volkswagen,2010,0.84,LPG,Individual,Manual,1,21964
Mahindra Bolero,Mahindra,2014,1.88,Diesel,Dealer,Manual,0,14435
Maruti Baleno,Maruti,2007,0.32,Diesel,Dealer,Manual,1,198824
Tata Nano,Tata,2012,0.51,LPG,Individual,Manual,0,115226
Maruti Ertiga,Maruti,2007,0.48,Diesel,Individual,Automatic,2,54115
Honda WR-V,Honda,2014,1.1,Petrol,Individual,Manual,1,108691
Maruti Ertiga,Maruti,2012,0.39,Petrol,Dealer,Manual,0,102532
Honda Brio,Honda,2019,3.67,Diesel,Dealer,Manual,0,62458
Toyota Etios Cross,Toyota,2023,6.03,Petrol,Individual,Manual,0,49425
Volkswagen Ameo,Volkswagen,2019,3.34,Diesel,Dealer,Manual,1,143429
Toyota Innova,Toyota,2015,2.12,Diesel,Dealer,Manual,1,177627
Ford Endeavour,Ford,2019,4.07,Petrol,Individual,Automatic,0,64163
Volkswagen Tiguan,Volkswagen,2021,3.61,Diesel,Dealer,Manual,1,147202
Tata Nano,Tata,2018,1.92,Diesel,Dealer,Manual,0,131174
Honda Brio,Honda,2013,0.62,Diesel,Individual,Manual,2,180333
Tata Bolt,Tata,2012,0.59,Petrol,Individual,Manual,1,59693
Volkswagen Polo,Volkswagen,2022,5.23,Petrol,Individual,Manual,0,24870
Toyota Yaris,Toyota,2009,0.93,Petrol,Individual,Manual,1,9748
Ford Mondeo,Ford,2022,3.93,Petrol,Dealer,Manual,1,85219
Mahindra Scorpio,Mahindra,2003,0.5,Petrol,Individual,Manual,3,39620
Volkswagen Jetta,Volkswagen,2023,4.0,Electric,Dealer,Manual,3,119065
Maruti 800,Maruti,2023,3.19,Diesel,Dealer,Automatic,2,104657
Volkswagen Jetta,Volkswagen,2014,1.39,Petrol,Dealer,Manual,1,107023
Hyundai Venue,Hyundai,2011,0.72,Petrol,Dealer,Manual,0,60284
Toyota Corolla,Toyota,2008,1.07,LPG,Individual,Manual,0,63141
Tata Safari,Tata,2003,0.88,Diesel,Dealer,Automatic,0,28833
Ford EcoSport,Ford,2015,1.43,Petrol,Dealer,Manual,0,183998
Maruti Ciaz,Maruti,2007,0.45,Electric,Dealer,Automatic,2,168273
Tata Zest,Tata,2016,0.99,Petrol,Dealer,Manual,2,181615
Toyota Urban Cruiser,Toyota,2009,1.52,Diesel,Dealer,Automatic,1,42131
Toyota Camry,Toyota,2019,4.08,Petrol,Dealer,Automatic,1,173513
Mahindra Marazzo,Mahindra,2004,0.63,Petrol,Dealer,Manual,0,197958
Maruti Wagon R,Maruti,2003,0.32,Diesel,Dealer,Manual,2,108196
Volkswagen Polo,Volkswagen,2012,1.05,Diesel,Dealer,Manual,1,10569
Honda Jazz,Honda,2017,2.61,Petrol,Dealer,Manual,0,29071
Toyota Urban Cruiser,Toyota,2005,0.72,CNG,Dealer,Automatic,1,147386
Tata Harrier,Tata,2012,0.49,Petrol,Dealer,Manual,1,154849
Maruti Celerio,Maruti,2015,0.63,Petrol,Dealer,Manual,1,191717
Volkswagen Polo,Volkswagen,2006,0.63,CNG,Individual,Manual,0,136127
Hyundai Xcent,Hyundai,2016,1.76,Diesel,Individual,Manual,0,141198
Mahindra XUV500,Mahindra,2008,1.05,Diesel,Dealer,Manual,0,6062
Mahindra Marazzo,Mahindra,2014,1.61,Petrol,Dealer,Manual,0,87152
Mahindra Thar,Mahindra,2017,2.52,Diesel,Dealer,Manual,1,105776
Toyota Etios Cross,Toyota,2004,0.61,Petrol,Dealer,Manual,2,121148
Ford Mustang,Ford,2018,2.37,Petrol,Dealer,Manual,0,163518
Honda Jazz,Honda,2010,0.78,Diesel,Individual,Automatic,1,164818
Ford Mustang,Ford,2019,4.11,Diesel,Individual,Automatic,1,15954
Honda Civic,Honda,2008,0.8,Electric,Individual,Manual,1,132534
Ford Mustang,Ford,2007,0.54,Diesel,Individual,Manual,1,128781
Hyundai Venue,Hyundai,2012,0.72,Electric,Dealer,Automatic,0,199148
Maruti Ertiga,Maruti,2008,0.48,Petrol,Dealer,Automatic,2,5235
Tata Bolt,Tata,2013,0.71,LPG,Dealer,Manual,1,48925
Tata Bolt,Tata,2013,0.86,Diesel,Dealer,Manual,0,155354
Hyundai Creta,Hyundai,2015,1.55,Diesel,Individual,Manual,1,44711
Ford EcoSport,Ford,2017,2.34,Diesel,Dealer,Manual,1,132796
Honda Brio,Honda,2021,3.49,Petrol,Dealer,Automatic,1,192891
Tata Nexon,Tata,2022,4.08,Diesel,Dealer,Automatic,1,49028
Mahindra Scorpio,Mahindra,2006,0.96,Diesel,Individual,Automatic,0,130733
Mahindra Thar,Mahindra,2015,2.81,Petrol,Dealer,Automatic,0,19382
Tata Harrier,Tata,2021,3.88,Diesel,Dealer,Manual,0,82834
Volkswagen Jetta,Volkswagen,2008,1.11,Petrol,Dealer,Automatic,0,78319
Maruti 800,Maruti,2017,1.16,Diesel,Dealer,Manual,2,65279
Mahindra Alturas G4,Mahindra,2019,2.77,Diesel,Individual,Manual,1,180399
Honda Brio,Honda,2003,0.94,Petrol,Individual,Automatic,0,24256
Ford Ikon,Ford,2021,3.88,Diesel,Dealer,Manual,0,44224
Maruti Swift,Maruti,2022,3.13,Diesel,Individual,Manual,0,62761
Volkswagen Ameo,Volkswagen,2009,0.83,Petrol,Dealer,Manual,1,9757
Hyundai Venue,Hyundai,2019,2.41,Petrol,Individual,Manual,0,101731
Volkswagen Polo,Volkswagen,2009,0.88,Diesel,Dealer,Automatic,0,194138
Ford EcoSport,Ford,2015,1.69,Petrol,Individual,Manual,0,43258
Hyundai Santro,Hyundai,2019,2.07,Petrol,Dealer,Manual,0,134948
Honda Mobilio,Honda,2012,0.69,CNG,Dealer,Automatic,3,31399
Tata Bolt,Tata,2003,0.51,Diesel,Dealer,Manual,1,79055
Mahindra XUV300,Mahindra,2005,0.73,CNG,Dealer,Automatic,2,92127
Volkswagen Tiguan,Volkswagen,2022,5.35,Diesel,Dealer,Manual,2,11150
Maruti Dzire,Maruti,2023,2.6,Petrol,Dealer,Manual,0,144777
Tata Tigor,Tata,2013,0.95,Petrol,Dealer,Manual,0,19596
Volkswagen CrossPolo,Volkswagen,2004,0.73,CNG,Dealer,Automatic,1,181720
Volkswagen T-Roc,Volkswagen,2019,4.22,Diesel,Dealer,Automatic,1,104608
Ford Mustang,Ford,2013,1.0,Petrol,Dealer,Automatic,1,79532
Hyundai Venue,Hyundai,2012,0.63,Diesel,Dealer,Manual,1,133377
Tata Altroz,Tata,2023,3.48,Petrol,Dealer,Automatic,0,182900
Mahindra Alturas G4,Mahindra,2015,2.42,CNG,Dealer,Automatic,0,106371
Maruti Swift,Maruti,2023,3.41,Diesel,Dealer,Manual,0,94599
Honda Brio,Honda,2010,0.59,Diesel,Dealer,Manual,2,125900
Hyundai Creta,Hyundai,2017,1.28,Petrol,Dealer,Manual,1,181492
Maruti Celerio,Maruti,2004,0.47,Petrol,Dealer,Automatic,1,88559
Mahindra Bolero,Mahindra,2005,1.1,Petrol,Dealer,Automatic,0,28051
Toyota Innova,Toyota,2019,5.59,Electric,Dealer,Manual,1,95327
Mahindra XUV300,Mahindra,2019,3.52,Diesel,Individual,Automatic,0,198624
Honda Mobilio,Honda,2011,0.61,LPG,Dealer,Automatic,2,148254
Ford Mondeo,Ford,2009,0.59,Petrol,Individual,Manual,2,46786
Hyundai Creta,Hyundai,2009,0.62,Diesel,Dealer,Manual,1,57375
Toyota Fortuner,Toyota,2005,1.16,Diesel,Dealer,Automatic,0,192918
Toyota Yaris,Toyota,2015,2.58,Diesel,Individual,Manual,0,128618
Ford Ikon,Ford,2015,1.43,Diesel,Individual,Automatic,3,21371
Maruti Ciaz,Maruti,2014,0.73,Diesel,Individual,Automatic,1,186144
Toyota Camry,Toyota,2003,0.79,Petrol,Dealer,Manual,0,191691
Tata Zest,Tata,2018,1.73,Petrol,Individual,Manual,0,94431
Honda Mobilio,Honda,2007,0.59,Diesel,Dealer,Manual,2,133301
Ford Figo,Ford,2009,1.27,Electric,Dealer,Automatic,1,46844
Ford Mondeo,Ford,2013,0.91,Petrol,Dealer,Manual,1,123533
Ford Ikon,Ford,2019,2.95,Diesel,Dealer,Manual,0,161497
Volkswagen Ameo,Volkswagen,2005,0.94,Petrol,Dealer,Manual,1,39701
Honda BR-V,Honda,2005,0.6,Petrol,Dealer,Manual,2,99377
Volkswagen CrossPolo,Volkswagen,2007,0.88,Diesel,Dealer,Manual,0,157826
Hyundai i20,Hyundai,2008,0.69,Electric,Dealer,Automatic,3,130991
Ford Endeavour,Ford,2005,0.57,Petrol,Individual,Manual,0,129165
Volkswagen Beetle,Volkswagen,2003,0.75,Petrol,Dealer,Manual,0,162364
Mahindra Marazzo,Mahindra,2009,0.45,CNG,Individual,Manual,2,83249
Honda Civic,Honda,2009,0.55,Petrol,Individual,Automatic,1,169134
Tata Nexon,Tata,2011,0.44,Diesel,Dealer,Manual,1,137079
Ford Ikon,Ford,2012,0.48,Petrol,Individual,Manual,0,162732
Toyota Etios,Toyota,2006,1.25,Petrol,Dealer,Automatic,0,78609
Ford Mondeo,Ford,2020,3.02,CNG,Individual,Automatic,1,92266
Toyota Glanza,Toyota,2013,1.19,CNG,Dealer,Automatic,0,180641
Hyundai Creta,Hyundai,2019,1.44,Petrol,Individual,Manual,2,153554
Hyundai Creta,Hyundai,2013,1.05,Petrol,Individual,Manual,0,58268
Tata Tigor,Tata,2008,0.57,Diesel,Dealer,Manual,0,156054
Honda City,Honda,2014,1.74,Diesel,Dealer,Manual,0,120672
Tata Bolt,Tata,2017,1.3,Diesel,Dealer,Manual,1,174899
Toyota Etios Cross,Toyota,2005,1.04,Petrol,Dealer,Manual,1,33541
Toyota Vellfire,Toyota,2008,1.04,Petrol,Dealer,Manual,0,59615
Volkswagen Polo,Volkswagen,2010,0.52,Diesel,Individual,Manual,3,111661
Tata Zest,Tata,2003,0.54,Electric,Individual,Automatic,1,179480
Ford Mustang,Ford,2022,4.66,Petrol,Individual,Automatic,0,11368
Tata Nexon,Tata,2015,1.38,Petrol,Dealer,Manual,1,55861
Mahindra XUV500,Mahindra,2012,0.68,Petrol,Dealer,Manual,1,137997
Maruti Dzire,Maruti,2011,0.38,Diesel,Individual,Automatic,2,149701
Mahindra KUV100,Mahindra,2013,1.01,CNG,Dealer,Automatic,1,103818
Toyota Etios Cross,Toyota,2016,3.03,Petrol,Dealer,Manual,0,84148
Honda Brio,Honda,2016,1.98,Petrol,Dealer,Automatic,1,119994
Ford Figo,Ford,2021,3.55,Petrol,Individual,Automatic,1,84561
Tata Hexa,Tata,2017,2.02,Petrol,Dealer,Automatic,1,137028
Tata Tigor,Tata,2014,0.99,Diesel,Dealer,Manual,1,77099
Hyundai Creta,Hyundai,2004,0.36,Diesel,Individual,Manual,3,181313
Toyota Corolla,Toyota,2015,2.09,Diesel,Individual,Manual,1,162795
Mahindra Alturas G4,Mahindra,2014,1.29,Petrol,Dealer,Manual,0,140720
Toyota Urban Cruiser,Toyota,2009,1.14,Petrol,Dealer,Manual,0,72649
Tata Nexon,Tata,2010,0.42,Diesel,Dealer,Manual,0,188305
Ford Mondeo,Ford,2012,0.64,Diesel,Dealer,Manual,1,159571
Volkswagen Jetta,Volkswagen,2022,5.16,Petrol,Individual,Manual,1,14847
Toyota Yaris,Toyota,2014,2.41,Diesel,Dealer,Automatic,0,96155
Maruti Dzire,Maruti,2005,0.48,Diesel,Individual,Manual,1,38997
Toyota Camry,Toyota,2020,6.1,Electric,Dealer,Automatic,1,151470
Mahindra XUV500,Mahindra,2014,2.01,Diesel,Dealer,Manual,0,6969
Mahindra Verito,Mahindra,2020,2.88,Petrol,Individual,Manual,0,129398
Hyundai i10,Hyundai,2013,0.66,Diesel,Dealer,Manual,2,115448
Volkswagen CrossPolo,Volkswagen,2016,1.81,LPG,Individual,Automatic,2,178359
Hyundai i20,Hyundai,2020,1.96,Diesel,Dealer,Automatic,3,163280
Mahindra TUV300,Mahindra,2013,1.17,CNG,Dealer,Manual,1,41321
Maruti Dzire,Maruti,2021,1.84,CNG,Dealer,Manual,1,56924
Toyota Etios Cross,Toyota,2009,0.83,Diesel,Dealer,Manual,1,144999
Toyota Yaris,Toyota,2013,1.34,Diesel,Individual,Manual,1,112522
Volkswagen Vento,Volkswagen,2008,0.87,LPG,Individual,Manual,0,58551
Toyota Etios,Toyota,2017,3.01,Petrol,Dealer,Automatic,1,194420
Honda Brio,Honda,2018,1.96,Diesel,Individual,Manual,2,115350
Tata Hexa,Tata,2021,2.63,Petrol,Dealer,Manual,0,172450
Toyota Corolla,Toyota,2010,1.03,Petrol,Individual,Automatic,0,159243
Ford Ikon,Ford,2014,1.66,Petrol,Dealer,Automatic,0,142513
Toyota Etios,Toyota,2009,0.91,CNG,Dealer,Manual,0,93204
Ford Freestyle,Ford,2011,0.91,Diesel,Individual,Manual,0,36401
Volkswagen Polo,Volkswagen,2007,0.76,Petrol,Individual,Automatic,1,93920
Toyota Etios Cross,Toyota,2003,0.88,Petrol,Dealer,Manual,2,22014
Ford Freestyle,Ford,2017,1.72,Petrol,Dealer,Manual,0,193856
Hyundai Verna,Hyundai,2009,0.77,Diesel,Dealer,Manual,1,60754
Toyota Corolla,Toyota,2006,1.11,Diesel,Dealer,Manual,0,116335
Toyota Corolla,Toyota,2011,1.12,Petrol,Dealer,Manual,0,77240
Toyota Camry,Toyota,2014,2.26,Petrol,Dealer,Automatic,1,50113
Ford Figo,Ford,2014,1.7,Diesel,Dealer,Automatic,1,102543
Hyundai Creta,Hyundai,2007,0.49,Petrol,Individual,Manual,1,93733
Volkswagen Polo,Volkswagen,2018,4.81,Diesel,Individual,Automatic,0,107747
Ford Freestyle,Ford,2022,3.41,LPG,Dealer,Automatic,1,126237
Mahindra Scorpio,Mahindra,2023,4.32,CNG,Individual,Automatic,0,124264
Tata Harrier,Tata,2011,0.53,Petrol,Individual,Manual,0,43067
Hyundai Creta,Hyundai,2020,2.11,Diesel,Individual,Manual,3,66929
Maruti Celerio,Maruti,2008,0.34,CNG,Dealer,Automatic,2,78861
Mahindra Thar,Mahindra,2016,2.09,Petrol,Dealer,Manual,1,135513
Hyundai Grand i10,Hyundai,2004,0.76,Petrol,Individual,Automatic,1,36055
Tata Tigor,Tata,2005,0.59,Electric,Individual,Manual,0,106268
Maruti Baleno,Maruti,2015,1.01,Diesel,Individual,Manual,0,169685
Tata Hexa,Tata,2013,0.98,Diesel,Individual,Manual,0,47913
Hyundai i20,Hyundai,2017,2.93,Electric,Dealer,Manual,0,33141
Volkswagen Polo,Volkswagen,2006,0.96,Diesel,Dealer,Manual,0,103723
Mahindra XUV500,Mahindra,2007,0.82,CNG,Dealer,Manual,0,31715
Mahindra XUV300,Mahindra,2007,0.7,Petrol,Dealer,Manual,0,159249
Volkswagen T-Roc,Volkswagen,2007,0.46,Petrol,Dealer,Manual,3,105689
Volkswagen Tiguan,Volkswagen,2019,3.21,Petrol,Dealer,Manual,2,34300
Toyota Fortuner,Toyota,2022,6.39,Petrol,Individual,Automatic,1,35620
Tata Altroz,Tata,2015,0.69,Petrol,Dealer,Manual,2,185795
Maruti Celerio,Maruti,2020,1.35,Petrol,Individual,Manual,1,164674
Maruti 800,Maruti,2015,0.98,Petrol,Individual,Manual,1,65920
Maruti Swift,Maruti,2005,0.53,Petrol,Individual,Automatic,0,120053
Toyota Corolla,Toyota,2009,0.97,Diesel,Dealer,Manual,1,129917
Volkswagen Phaeton,Volkswagen,2008,0.97,Petrol,Dealer,Automatic,1,132896
Mahindra XUV500,Mahindra,2005,0.73,Petrol,Individual,Automatic,1,128257
Mahindra XUV500,Mahindra,2012,1.15,Diesel,Dealer,Automatic,1,113212
Volkswagen Vento,Volkswagen,2013,1.34,Petrol,Dealer,Manual,0,75119
Toyota Etios Cross,Toyota,2020,3.9,LPG,Dealer,Manual,0,103989
Tata Tiago,Tata,2009,0.42,CNG,Individual,Manual,1,130588
Ford Fiesta,Ford,2016,1.56,Diesel,Individual,Manual,1,194784
Tata Harrier,Tata,2004,0.54,Petrol,Individual,Automatic,0,182558
Tata Hexa,Tata,2013,0.96,Diesel,Individual,Manual,0,86942
Mahindra TUV300,Mahindra,2007,0.88,Petrol,Dealer,Manual,0,96396
Toyota Urban Cruiser,Toyota,2005,0.7,Petrol,Individual,Manual,1,172807
Honda Amaze,Honda,2011,0.53,Petrol,Dealer,Manual,2,146877
Ford Fusion,Ford,2004,0.57,Diesel,Individual,Automatic,2,190413
Tata Altroz,Tata,2006,0.71,Petrol,Individual,Automatic,0,28705
Tata Hexa,Tata,2010,0.39,Petrol,Dealer,Manual,0,173876
Mahindra KUV100,Mahindra,2006,1.03,Diesel,Individual,Manual,0,11643
Ford Fiesta,Ford,2004,0.65,Diesel,Individual,Manual,0,73926
Ford Fiesta,Ford,2015,1.14,Diesel,Individual,Manual,2,146330
Toyota Glanza,Toyota,2019,4.62,Petrol,Dealer,Manual,1,32386
Maruti Wagon R,Maruti,2015,0.88,Petrol,Individual,Manual,0,166326
Honda Brio,Honda,2011,0.62,Electric,Dealer,Manual,3,51850
Maruti Wagon R,Maruti,2015,1.58,Diesel,Individual,Automatic,0,30122
Honda Civic,Honda,2007,0.93,Diesel,Dealer,Automatic,1,31201
Mahindra KUV100,Mahindra,2020,4.25,LPG,Individual,Manual,0,22069
Toyota Vellfire,Toyota,2022,5.04,Diesel,Individual,Manual,0,97573
Mahindra Bolero,Mahindra,2016,2.2,Petrol,Dealer,Automatic,0,169044
Maruti Baleno,Maruti,2013,0.55,Petrol,Individual,Manual,1,107304
Ford Figo,Ford,2013,1.74,Electric,Dealer,Automatic,0,138611
Ford Fusion,Ford,2007,0.87,Electric,Dealer,Manual,0,102239
Honda BR-V,Honda,2023,4.25,Diesel,Dealer,Manual,0,160331
Maruti Dzire,Maruti,2003,0.46,Diesel,Dealer,Automatic,1,182832
Maruti 800,Maruti,2004,0.45,Petrol,Dealer,Manual,0,88457
Maruti Alto,Maruti,2012,0.52,Diesel,Dealer,Manual,1,79071
Ford Mondeo,Ford,2005,0.54,Petrol,Individual,Manual,0,148891
Toyota Etios,Toyota,2017,3.08,Petrol,Individual,Automatic,2,119586
Volkswagen Phaeton,Volkswagen,2019,3.15,Petrol,Dealer,Manual,2,28648
Honda CR-V,Honda,2009,0.55,Diesel,Individual,Manual,1,138623
Volkswagen Beetle,Volkswagen,2011,1.28,Diesel,Individual,Automatic,0,42991
Toyota Etios,Toyota,2008,1.09,Diesel,Dealer,Automatic,2,137970
Maruti 800,Maruti,2010,0.48,CNG,Individual,Manual,0,16205
Honda BR-V,Honda,2014,2.15,Diesel,Dealer,Automatic,1,57756
Hyundai Creta,Hyundai,2008,0.75,Electric,Individual,Manual,1,60426
Maruti Baleno,Maruti,2004,0.45,Petrol,Dealer,Automatic,0,185488
Hyundai Santro,Hyundai,2021,3.04,Diesel,Individual,Automatic,1,154960
Hyundai Santro,Hyundai,2005,0.48,CNG,Dealer,Manual,0,96353
Tata Tiago,Tata,2022,2.67,LPG,Individual,Manual,1,89246
Ford EcoSport,Ford,2007,0.48,CNG,Individual,Manual,0,163588
Hyundai Verna,Hyundai,2010,0.41,Petrol,Individual,Manual,1,191368
Mahindra Bolero,Mahindra,2006,0.59,CNG,Dealer,Manual,0,145600
Ford Aspire,Ford,2016,1.73,LPG,Dealer,Automatic,0,192598
Maruti Wagon R,Maruti,2004,0.41,Petrol,Dealer,Automatic,1,131498
Mahindra Thar,Mahindra,2019,4.92,Petrol,Individual,Automatic,0,23351
Ford Endeavour,Ford,2005,0.33,Diesel,Individual,Manual,3,184272
Mahindra TUV300,Mahindra,2021,3.14,CNG,Dealer,Automatic,1,167727
Maruti 800,Maruti,2022,2.29,Petrol,Dealer,Manual,0,130149
Honda WR-V,Honda,2010,0.38,CNG,Dealer,Manual,3,75910
Tata Nexon,Tata,2018,2.07,Petrol,Dealer,Automatic,2,100998
Volkswagen Tiguan,Volkswagen,2007,0.91,Diesel,Dealer,Manual,2,51403
Hyundai Elantra,Hyundai,2003,0.48,Petrol,Individual,Manual,2,76853
Maruti Swift,Maruti,2022,1.87,Petrol,Individual,Manual,1,83002
Mahindra Thar,Mahindra,2014,2.51,Diesel,Individual,Automatic,1,16190
Volkswagen T-Roc,Volkswagen,2008,0.59,Petrol,Dealer,Manual,1,140450
Toyota Etios Cross,Toyota,2003,0.93,Diesel,Dealer,Manual,1,88375
Volkswagen Polo,Volkswagen,2015,1.81,Diesel,Individual,Manual,2,101038
Maruti Celerio,Maruti,2013,0.65,Petrol,Dealer,Automatic,0,135576
Honda Brio,Honda,2011,0.41,Petrol,Individual,Manual,1,195590
Maruti Ertiga,Maruti,2014,0.83,Diesel,Individual,Manual,0,158504
Mahindra Alturas G4,Mahindra,2007,0.66,Petrol,Individual,Manual,0,71262
Toyota Fortuner,Toyota,2020,5.18,Petrol,Dealer,Manual,0,39542
Toyota Innova,Toyota,2003,1.03,Petrol,Dealer,Automatic,0,172708
Hyundai Verna,Hyundai,2013,1.14,Diesel,Dealer,Manual,0,111022
Toyota Yaris,Toyota,2023,5.04,LPG,Dealer,Manual,0,164741
Honda City,Honda,2015,2.37,Petrol,Individual,Automatic,0,55583
Toyota Camry,Toyota,2013,1.05,Petrol,Individual,Manual,0,197121
Toyota Fortuner,Toyota,2005,1.7,Diesel,Dealer,Automatic,0,20434
Hyundai Tucson,Hyundai,2006,0.55,Petrol,Dealer,Manual,0,73803
Maruti 800,Maruti,2017,1.14,Petrol,Dealer,Manual,1,125234
Honda City,Honda,2019,2.91,Diesel,Individual,Manual,0,100040
Maruti Alto,Maruti,2007,0.4,Petrol,Individual,Manual,0,12597
Volkswagen Phaeton,Volkswagen,2021,3.26,Petrol,Individual,Manual,0,138241
Hyundai Venue,Hyundai,2005,0.44,CNG,Individual,Automatic,3,66516
Ford Aspire,Ford,2019,3.56,Petrol,Dealer,Manual,0,7352
Tata Hexa,Tata,2023,2.09,CNG,Dealer,Manual,0,192954
Tata Safari,Tata,2014,0.87,CNG,Dealer,Manual,1,86532
Mahindra XUV500,Mahindra,2013,1.47,Petrol,Individual,Automatic,0,79965
Hyundai Verna,Hyundai,2007,0.7,Diesel,Dealer,Automatic,1,97021
Volkswagen Passat,Volkswagen,2004,0.94,Diesel,Dealer,Automatic,0,191762
Tata Nexon,Tata,2022,3.79,Diesel,Dealer,Automatic,2,108065
Toyota Etios,Toyota,2008,1.13,Diesel,Dealer,Manual,0,84063
Honda BR-V,Honda,2021,6.16,Diesel,Individual,Automatic,0,23354
Mahindra Thar,Mahindra,2009,1.05,Electric,Dealer,Manual,2,13016
Maruti Ertiga,Maruti,2021,1.25,Petrol,Dealer,Manual,3,186948
Volkswagen Vento,Volkswagen,2013,0.96,CNG,Dealer,Manual,1,153683
Volkswagen Ameo,Volkswagen,2017,3.81,Electric,Dealer,Automatic,0,146958
Toyota Vellfire,Toyota,2007,1.18,Diesel,Dealer,Automatic,1,143367
Maruti Baleno,Maruti,2005,0.57,Diesel,Dealer,Manual,0,53511
Mahindra Marazzo,Mahindra,2013,0.84,Petrol,Dealer,Automatic,2,164292
Ford Figo,Ford,2010,0.55,Petrol,Individual,Manual,1,116041
Volkswagen Vento,Volkswagen,2009,0.85,Petrol,Dealer,Manual,0,106084
Mahindra Scorpio,Mahindra,2019,2.94,Diesel,Individual,Manual,0,129184
Maruti Dzire,Maruti,2012,0.37,Diesel,Individual,Manual,1,167993
Toyota Camry,Toyota,2017,3.47,Diesel,Dealer,Manual,1,79763
Ford Figo,Ford,2020,2.13,CNG,Individual,Manual,0,117056
Hyundai Grand i10,Hyundai,2020,1.64,Petrol,Individual,Manual,2,158512
Toyota Vellfire,Toyota,2013,0.98,CNG,Dealer,Manual,2,141643
Mahindra Bolero,Mahindra,2015,2.11,Petrol,Dealer,Automatic,1,37441
Tata Nexon,Tata,2012,0.81,Petrol,Dealer,Automatic,0,103826
Mahindra TUV300,Mahindra,2011,0.86,Petrol,Individual,Manual,0,22508
Mahindra TUV300,Mahindra,2005,1.11,Diesel,Dealer,Manual,0,43342
Hyundai Venue,Hyundai,2015,1.08,Petrol,Individual,Manual,2,123581
Maruti Baleno,Maruti,2015,1.09,Diesel,Dealer,Manual,2,52377
Ford Freestyle,Ford,2010,0.79,Diesel,Dealer,Manual,0,31672
Hyundai Venue,Hyundai,2014,0.82,Petrol,Individual,Manual,2,41609
Toyota Etios Cross,Toyota,2005,0.88,Diesel,Dealer,Manual,1,160159
Maruti Baleno,Maruti,2008,0.66,Diesel,Dealer,Manual,0,7745
Ford Freestyle,Ford,2012,0.61,Diesel,Individual,Manual,0,156519
Maruti 800,Maruti,2009,0.37,Petrol,Dealer,Manual,0,157035
Toyota Corolla,Toyota,2011,1.19,Diesel,Individual,Manual,0,16308
Toyota Urban Cruiser,Toyota,2005,0.87,Diesel,Individual,Manual,1,108547
Hyundai Creta,Hyundai,2010,0.57,LPG,Individual,Automatic,1,66215
Maruti 800,Maruti,2014,1.18,Diesel,Individual,Automatic,0,111956
Volkswagen Tiguan,Volkswagen,2017,2.2,Petrol,Individual,Automatic,2,169055
Maruti Vitara Brezza,Maruti,2016,0.74,Petrol,Dealer,Manual,1,183634
Maruti Alto,Maruti,2008,0.52,Diesel,Dealer,Manual,1,32076
Ford Mustang,Ford,2020,3.6,Diesel,Dealer,Manual,1,43405
Toyota Innova,Toyota,2019,7.1,Electric,Individual,Automatic,0,33328
Honda Accord,Honda,2014,1.14,Petrol,Dealer,Manual,0,128765
Ford Aspire,Ford,2014,1.08,Diesel,Individual,Automatic,3,160892
Hyundai Xcent,Hyundai,2010,0.6,Petrol,Dealer,Automatic,0,192818
Honda WR-V,Honda,2020,3.31,Diesel,Dealer,Manual,0,154092
Toyota Etios Cross,Toyota,2013,1.35,Petrol,Individual,Manual,1,10722
Honda BR-V,Honda,2005,0.78,CNG,Dealer,Automatic,0,155774
Honda City,Honda,2009,0.83,Petrol,Dealer,Automatic,2,8696
Hyundai i10,Hyundai,2020,2.9,Electric,Dealer,Manual,0,188232
Hyundai Grand i10,Hyundai,2015,2.98,Electric,Dealer,Automatic,1,39681
Ford Figo,Ford,2015,2.0,Petrol,Dealer,Automatic,1,54812
Hyundai Verna,Hyundai,2021,3.57,Petrol,Dealer,Automatic,2,12812
Toyota Glanza,Toyota,2012,0.7,CNG,Dealer,Manual,0,178423
Mahindra TUV300,Mahindra,2006,0.76,Petrol,Individual,Manual,0,114850
Tata Tigor,Tata,2004,0.58,Diesel,Dealer,Automatic,1,163128
Volkswagen Tiguan,Volkswagen,2015,2.76,Petrol,Dealer,Automatic,0,8832
Ford Freestyle,Ford,2012,0.46,Petrol,Dealer,Manual,0,193799
Mahindra Thar,Mahindra,2014,1.41,Petrol,Individual,Automatic,2,98526
Ford Freestyle,Ford,2018,1.73,CNG,Dealer,Manual,2,131479
Tata Hexa,Tata,2023,2.1,Petrol,Dealer,Manual,1,183207
Mahindra TUV300,Mahindra,2019,4.61,Electric,Dealer,Manual,1,83958
Tata Safari,Tata,2008,0.4,Diesel,Individual,Manual,3,100102
Volkswagen T-Roc,Volkswagen,2008,0.62,LPG,Individual,Automatic,2,106968
Maruti Vitara Brezza,Maruti,2015,1.15,Petrol,Individual,Manual,0,46520
Mahindra KUV100,Mahindra,2003,0.79,Petrol,Dealer,Manual,0,78155
Honda WR-V,Honda,2005,0.89,Petrol,Individual,Automatic,0,93791
Honda CR-V,Honda,2003,0.71,Electric,Dealer,Manual,1,136461
Volkswagen Ameo,Volkswagen,2021,4.98,Petrol,Dealer,Automatic,0,152907
Hyundai Elantra,Hyundai,2021,2.67,Diesel,Dealer,Manual,2,147961
Honda Jazz,Honda,2020,3.41,Petrol,Dealer,Manual,0,64722
Toyota Innova,Toyota,2008,0.98,Petrol,Individual,Manual,0,36802
Hyundai Tucson,Hyundai,2021,4.43,Diesel,Dealer,Manual,0,51220
Mahindra KUV100,Mahindra,2016,1.93,Diesel,Individual,Manual,3,60633
Maruti Vitara Brezza,Maruti,2010,0.31,Petrol,Dealer,Manual,3,100556
Maruti Ciaz,Maruti,2020,2.3,Diesel,Dealer,Manual,0,64778
Maruti Swift,Maruti,2018,1.62,Diesel,Dealer,Manual,0,102718
Tata Hexa,Tata,2022,3.24,Petrol,Dealer,Manual,1,31990
Tata Harrier,Tata,2005,0.38,Petrol,Dealer,Manual,1,181872
Honda Amaze,Honda,2006,0.61,LPG,Dealer,Manual,2,108061
Tata Bolt,Tata,2006,0.52,Diesel,Individual,Manual,0,178123
Maruti Baleno,Maruti,2021,3.0,Electric,Dealer,Automatic,0,160423
Ford EcoSport,Ford,2012,0.51,Petrol,Dealer,Manual,1,196758
Honda BR-V,Honda,2021,4.43,Diesel,Individual,Manual,0,15451
Mahindra Scorpio,Mahindra,2023,4.41,CNG,Individual,Manual,0,26869
Volkswagen Vento,Volkswagen,2010,0.69,Petrol,Dealer,Manual,1,72087
Volkswagen T-Roc,Volkswagen,2012,0.7,CNG,Dealer,Manual,0,118143
Hyundai Santro,Hyundai,2003,0.65,Petrol,Individual,Manual,1,28248
Ford Fusion,Ford,2009,0.69,Petrol,Dealer,Automatic,1,148927
Hyundai Grand i10,Hyundai,2013,0.79,Diesel,Individual,Manual,1,174578
Toyota Fortuner,Toyota,2004,1.01,Diesel,Individual,Manual,0,102493
Tata Hexa,Tata,2006,0.61,Petrol,Dealer,Automatic,0,111616
Ford Freestyle,Ford,2018,2.68,Diesel,Individual,Automatic,1,171508
Honda Jazz,Honda,2006,0.53,Petrol,Dealer,Manual,1,139678
Tata Altroz,Tata,2022,1.46,CNG,Individual,Manual,2,184588
Hyundai i10,Hyundai,2012,0.59,Petrol,Dealer,Manual,2,22413
Honda Brio,Honda,2011,0.66,CNG,Individual,Automatic,2,21322
Mahindra Marazzo,Mahindra,2011,0.48,Petrol,Individual,Manual,1,198006
Tata Nexon,Tata,2010,0.56,CNG,Dealer,Automatic,0,69925
Honda Mobilio,Honda,2021,3.11,Petrol,Dealer,Manual,0,182385
Ford Ikon,Ford,2017,1.53,Petrol,Dealer,Manual,3,127439
Maruti 800,Maruti,2003,0.45,Diesel,Individual,Automatic,0,166121
Ford EcoSport,Ford,2004,0.51,Petrol,Individual,Manual,1,98500
Volkswagen Beetle,Volkswagen,2019,4.25,Petrol,Dealer,Automatic,0,116718
Maruti 800,Maruti,2013,0.53,Petrol,Dealer,Manual,1,146727
Volkswagen CrossPolo,Volkswagen,2011,0.94,Diesel,Individual,Automatic,2,30963
Maruti Dzire,Maruti,2016,1.23,Diesel,Individual,Manual,1,9234
Ford Fusion,Ford,2010,0.71,Petrol,Dealer,Manual,0,56717
Maruti Ertiga,Maruti,2006,0.55,CNG,Dealer,Automatic,1,11476
Mahindra Thar,Mahindra,2012,0.73,Petrol,Dealer,Manual,0,134974
Honda WR-V,Honda,2013,1.56,Diesel,Individual,Manual,0,14277
Maruti Alto,Maruti,2017,1.44,Petrol,Dealer,Manual,1,73975
Mahindra Alturas G4,Mahindra,2022,3.88,Petrol,Individual,Manual,1,91598
Mahindra Marazzo,Mahindra,2019,3.12,Petrol,Individual,Manual,1,49516
Ford Mondeo,Ford,2014,0.95,Diesel,Individual,Manual,0,198594
Tata Harrier,Tata,2014,0.74,Diesel,Individual,Manual,1,196665
Hyundai Xcent,Hyundai,2020,3.12,Electric,Dealer,Manual,1,189514
Ford EcoSport,Ford,2015,1.01,CNG,Dealer,Manual,1,163598
Mahindra XUV300,Mahindra,2017,2.19,CNG,Dealer,Automatic,1,185217
Toyota Innova,Toyota,2010,0.73,Petrol,Dealer,Manual,2,113036
Ford Figo,Ford,2018,2.91,Petrol,Individual,Automatic,0,95012
Tata Hexa,Tata,2020,2.94,CNG,Dealer,Manual,0,40503
Toyota Etios Cross,Toyota,2005,1.65,Electric,Dealer,Manual,0,68344
Honda Civic,Honda,2021,2.68,Petrol,Dealer,Manual,0,169005
Volkswagen Vento,Volkswagen,2019,4.16,Diesel,Dealer,Automatic,1,180458
Tata Safari,Tata,2012,0.44,Petrol,Dealer,Manual,1,172361
Honda BR-V,Honda,2022,4.23,Diesel,Individual,Manual,0,127564
Tata Tiago,Tata,2023,4.93,Electric,Individual,Automatic,1,84768
Volkswagen Vento,Volkswagen,2020,3.57,Petrol,Individual,Manual,0,136642
Maruti Wagon R,Maruti,2012,0.75,Diesel,Individual,Automatic,0,21999
Ford Figo,Ford,2017,2.6,Diesel,Individual,Manual,1,17192
Honda Accord,Honda,2022,7.05,Electric,Dealer,Manual,0,24404
Maruti Wagon R,Maruti,2004,0.43,LPG,Dealer,Manual,0,19995
Volkswagen Phaeton,Volkswagen,2019,4.91,Diesel,Individual,Automatic,1,94132
Volkswagen Passat,Volkswagen,2011,1.12,Electric,Dealer,Automatic,1,151232
Mahindra XUV300,Mahindra,2016,2.79,Petrol,Dealer,Automatic,2,40903
Tata Tiago,Tata,2016,2.08,Petrol,Dealer,Manual,0,37101
Volkswagen Tiguan,Volkswagen,2017,1.39,Petrol,Individual,Automatic,3,190639
Mahindra Verito,Mahindra,2013,1.0,Petrol,Dealer,Manual,0,151480
Tata Tigor,Tata,2007,0.48,Petrol,Individual,Automatic,0,154335
Mahindra Marazzo,Mahindra,2004,0.52,CNG,Individual,Manual,0,183367
Volkswagen Beetle,Volkswagen,2005,0.77,Petrol,Dealer,Automatic,0,188006
Maruti Dzire,Maruti,2012,0.43,Petrol,Dealer,Manual,0,164090
Maruti Celerio,Maruti,2017,1.24,Petrol,Dealer,Manual,1,36379
Tata Harrier,Tata,2015,1.11,Diesel,Dealer,Manual,2,67790
Volkswagen Vento,Volkswagen,2018,5.22,Petrol,Dealer,Automatic,0,39700
Maruti Ciaz,Maruti,2008,0.45,Diesel,Dealer,Manual,1,131083
Volkswagen CrossPolo,Volkswagen,2015,2.76,Diesel,Dealer,Manual,0,80485
Honda CR-V,Honda,2004,0.56,LPG,Individual,Manual,1,68293
Ford Endeavour,Ford,2012,0.48,Petrol,Dealer,Manual,2,125062
Toyota Vellfire,Toyota,2011,0.67,Petrol,Dealer,Manual,1,126219
Mahindra Alturas G4,Mahindra,2020,3.8,Petrol,Dealer,Manual,0,74504
Maruti Ertiga,Maruti,2010,0.32,LPG,Dealer,Manual,0,190100
Maruti Vitara Brezza,Maruti,2018,1.18,Diesel,Individual,Manual,1,175591
Ford Figo,Ford,2015,1.68,Diesel,Individual,Manual,1,77307
Toyota Etios Cross,Toyota,2014,2.54,Diesel,Dealer,Manual,1,36027
Mahindra Scorpio,Mahindra,2014,1.64,Petrol,Dealer,Manual,0,24692
Maruti Ertiga,Maruti,2010,0.32,LPG,Individual,Manual,0,194298
Honda City,Honda,2003,0.35,Petrol,Individual,Manual,2,181469
Tata Tiago,Tata,2010,0.69,Diesel,Dealer,Manual,0,28666
Volkswagen Ameo,Volkswagen,2009,0.77,Petrol,Individual,Manual,0,115529
Tata Tiago,Tata,2022,2.18,Diesel,Dealer,Manual,3,136379
Maruti Vitara Brezza,Maruti,2006,0.42,Diesel,Individual,Manual,0,94959
Toyota Innova,Toyota,2012,1.29,Petrol,Individual,Automatic,0,53847
Ford Fusion,Ford,2017,1.4,Petrol,Dealer,Manual,3,110982
Hyundai Elantra,Hyundai,2012,0.69,LPG,Individual,Manual,0,74783
Hyundai i10,Hyundai,2017,2.16,Diesel,Individual,Manual,1,23782
Toyota Glanza,Toyota,2006,1.23,Petrol,Individual,Manual,0,9765
Tata Zest,Tata,2022,2.52,CNG,Dealer,Automatic,1,187565
Hyundai Grand i10,Hyundai,2016,2.32,Diesel,Dealer,Manual,0,21260
Honda Brio,Honda,2006,0.78,Diesel,Dealer,Automatic,1,193607
Hyundai Grand i10,Hyundai,2022,3.75,Petrol,Individual,Automatic,0,65652
Tata Bolt,Tata,2015,1.53,Diesel,Dealer,Automatic,1,150083
Honda Brio,Honda,2015,1.58,Diesel,Dealer,Automatic,2,122192
Hyundai Venue,Hyundai,2017,2.1,Petrol,Dealer,Manual,1,91567
Maruti 800,Maruti,2012,0.33,Petrol,Individual,Automatic,1,198743
Mahindra Scorpio,Mahindra,2019,4.68,Diesel,Dealer,Automatic,0,122509
Ford Fiesta,Ford,2017,1.59,CNG,Dealer,Manual,0,145347
Ford Mondeo,Ford,2019,3.14,Petrol,Individual,Automatic,0,75021
Volkswagen Vento,Volkswagen,2020,4.78,Petrol,Individual,Automatic,0,34227
Honda Jazz,Honda,2019,2.64,Diesel,Dealer,Manual,2,146355
Tata Nexon,Tata,2009,0.43,Petrol,Dealer,Manual,0,184001
